{
  "Aquilia": {
    "mean": 214.79999020000002,
    "stddev": 4.038859261365301,
    "min": 209.2307029,
    "max": 223.35666090000004
  },
  "FastAPI": {
    "mean": 388.6815319,
    "stddev": 12.919919315844004,
    "min": 374.6473699,
    "max": 411.97782789999997
  },
  "Starlette": {
    "mean": 263.22481490000007,
    "stddev": 7.016627775824699,
    "min": 255.44511889999998,
    "max": 274.7088689
  },
  "Litestar": {
    "mean": 467.41886510000006,
    "stddev": 6.274702781114932,
    "min": 460.7671609,
    "max": 478.7947019
  },
  "Falcon": {
    "mean": 318.40829849999994,
    "stddev": 4.913058150260138,
    "min": 311.8429529,
    "max": 325.63661989999997
  },
  "Sanic": {
    "mean": 320.29858160000003,
    "stddev": 3.6492331470595083,
    "min": 314.0740359,
    "max": 324.77032690000004
  },
  "Quart": {
    "mean": 337.94589830000007,
    "stddev": 2.7158929682174433,
    "min": 333.6858279,
    "max": 341.8822439
  },
  "Flask": {
    "mean": 305.7425942,
    "stddev": 4.59596203644893,
    "min": 301.0662859,
    "max": 313.93124389999997
  },
  "Django": {
    "mean": 293.0215692,
    "stddev": 3.8631507391279603,
    "min": 287.7974529,
    "max": 297.8368269
  }
}