{
  "Aquilia": {
    "mean": 210.4324766,
    "stddev": 2.5611109729621875,
    "min": 206.95130930000002,
    "max": 214.3432683
  },
  "FastAPI": {
    "mean": 377.0635390000001,
    "stddev": 3.0369560215712337,
    "min": 373.0067263,
    "max": 381.3967683000001
  },
  "Starlette": {
    "mean": 256.5996099000001,
    "stddev": 2.558014490816416,
    "min": 253.26864330000004,
    "max": 260.15622630000007
  },
  "Litestar": {
    "mean": 462.3179973000001,
    "stddev": 5.075569375353581,
    "min": 457.5599763000001,
    "max": 474.75693530000007
  },
  "Falcon": {
    "mean": 314.39795160000006,
    "stddev": 2.5681975387157268,
    "min": 309.7575603000001,
    "max": 316.8783513
  },
  "Sanic": {
    "mean": 324.9705807000001,
    "stddev": 9.953863054948686,
    "min": 313.8828513,
    "max": 347.3881433000001
  },
  "Quart": {
    "mean": 351.6292559000001,
    "stddev": 16.03478625222356,
    "min": 330.74214330000007,
    "max": 378.86364330000004
  },
  "Flask": {
    "mean": 305.31041410000006,
    "stddev": 3.986145923431321,
    "min": 300.5175603,
    "max": 312.0926433
  },
  "Django": {
    "mean": 295.63074330000006,
    "stddev": 4.184716433236793,
    "min": 289.4031013,
    "max": 304.4026433000001
  }
}