{
  "results": [
    {
      "command": "PYTHONPATH=. /Users/kuroyami/TuboxLabProject/Aquilia/.venv/bin/python -c 'from benchmarks.frameworks.aquilia.main import app'",
      "mean": 0.2104324766,
      "stddev": 0.0025611109729621875,
      "median": 0.21057181030000002,
      "user": 0.18655704,
      "system": 0.02269926,
      "min": 0.20695130930000002,
      "max": 0.2143432683,
      "times": [
        0.20695130930000002,
        0.21277931030000002,
        0.2125730593,
        0.20942622630000002,
        0.21167785230000002,
        0.2080628103,
        0.20946576830000002,
        0.2143432683,
        0.20720289330000002,
        0.21184226830000003
      ],
      "memory_usage_byte": [
        69173248,
        69173248,
        69173248,
        69173248,
        69173248,
        69173248,
        69173248,
        69173248,
        69173248,
        69173248
      ],
      "exit_codes": [
        0,
        0,
        0,
        0,
        0,
        0,
        0,
        0,
        0,
        0
      ]
    },
    {
      "command": "PYTHONPATH=. /Users/kuroyami/TuboxLabProject/Aquilia/.venv/bin/python -c 'from benchmarks.frameworks.fastapi.main import app'",
      "mean": 0.3770635390000001,
      "stddev": 0.0030369560215712335,
      "median": 0.37732555980000004,
      "user": 0.34644344,
      "system": 0.02917566,
      "min": 0.37300672630000004,
      "max": 0.3813967683000001,
      "times": [
        0.3813967683000001,
        0.3736191843000001,
        0.37993305930000004,
        0.37300672630000004,
        0.37731781030000006,
        0.37733330930000003,
        0.3733763513000001,
        0.3775087683000001,
        0.38071593530000003,
        0.37642747730000004
      ],
      "memory_usage_byte": [
        91373568,
        91373568,
        91373568,
        91521024,
        91521024,
        91521024,
        91521024,
        91521024,
        91521024,
        91521024
      ],
      "exit_codes": [
        0,
        0,
        0,
        0,
        0,
        0,
        0,
        0,
        0,
        0
      ]
    },
    {
      "command": "PYTHONPATH=. /Users/kuroyami/TuboxLabProject/Aquilia/.venv/bin/python -c 'from benchmarks.frameworks.starlette.main import app'",
      "mean": 0.2565996099000001,
      "stddev": 0.002558014490816416,
      "median": 0.25698303880000006,
      "user": 0.22924223999999999,
      "system": 0.025924559999999996,
      "min": 0.25326864330000004,
      "max": 0.26015622630000007,
      "times": [
        0.25890818530000004,
        0.26015622630000007,
        0.2537117273,
        0.25583805930000003,
        0.25812801830000004,
        0.2541165603,
        0.25876685130000004,
        0.25851222630000004,
        0.25326864330000004,
        0.2545896013
      ],
      "memory_usage_byte": [
        91521024,
        91521024,
        91521024,
        91521024,
        91521024,
        91521024,
        91521024,
        91521024,
        91521024,
        91521024
      ],
      "exit_codes": [
        0,
        0,
        0,
        0,
        0,
        0,
        0,
        0,
        0,
        0
      ]
    },
    {
      "command": "PYTHONPATH=. /Users/kuroyami/TuboxLabProject/Aquilia/.venv/bin/python -c 'from benchmarks.frameworks.litestar.main import app'",
      "mean": 0.4623179973000001,
      "stddev": 0.005075569375353581,
      "median": 0.46046083080000005,
      "user": 0.42494614,
      "system": 0.03582636,
      "min": 0.45755997630000006,
      "max": 0.47475693530000007,
      "times": [
        0.47475693530000007,
        0.45841260130000006,
        0.46617139330000007,
        0.4608769763000001,
        0.45969564330000007,
        0.46385810130000005,
        0.4595086843000001,
        0.45755997630000006,
        0.46229497630000005,
        0.46004468530000003
      ],
      "memory_usage_byte": [
        99713024,
        99713024,
        99713024,
        99713024,
        99713024,
        99713024,
        99713024,
        99713024,
        99713024,
        99713024
      ],
      "exit_codes": [
        0,
        0,
        0,
        0,
        0,
        0,
        0,
        0,
        0,
        0
      ]
    },
    {
      "command": "PYTHONPATH=. /Users/kuroyami/TuboxLabProject/Aquilia/.venv/bin/python -c 'from benchmarks.frameworks.falcon.main import app'",
      "mean": 0.31439795160000006,
      "stddev": 0.002568197538715727,
      "median": 0.31517018480000003,
      "user": 0.28591934,
      "system": 0.02703836,
      "min": 0.30975756030000007,
      "max": 0.3168783513,
      "times": [
        0.31572551830000006,
        0.31631085130000003,
        0.31461485130000005,
        0.30975756030000007,
        0.31068735230000005,
        0.31683976830000005,
        0.31366997630000004,
        0.31305931030000006,
        0.3168783513,
        0.31643597630000003
      ],
      "memory_usage_byte": [
        99713024,
        99713024,
        99713024,
        99713024,
        99713024,
        99713024,
        99713024,
        99713024,
        99713024,
        99713024
      ],
      "exit_codes": [
        0,
        0,
        0,
        0,
        0,
        0,
        0,
        0,
        0,
        0
      ]
    },
    {
      "command": "PYTHONPATH=. /Users/kuroyami/TuboxLabProject/Aquilia/.venv/bin/python -c 'from benchmarks.frameworks.sanic.main import app'",
      "mean": 0.32497058070000007,
      "stddev": 0.009953863054948687,
      "median": 0.3233349353,
      "user": 0.28901894,
      "system": 0.033951560000000006,
      "min": 0.31388285130000004,
      "max": 0.34738814330000006,
      "times": [
        0.31684356030000005,
        0.3224658523,
        0.32000847630000007,
        0.31553080930000005,
        0.31388285130000004,
        0.34738814330000006,
        0.3292509343000001,
        0.32420401830000006,
        0.32790356030000006,
        0.33222760130000006
      ],
      "memory_usage_byte": [
        99713024,
        99713024,
        99713024,
        99713024,
        99713024,
        99713024,
        99713024,
        99713024,
        99713024,
        99713024
      ],
      "exit_codes": [
        0,
        0,
        0,
        0,
        0,
        0,
        0,
        0,
        0,
        0
      ]
    },
    {
      "command": "PYTHONPATH=. /Users/kuroyami/TuboxLabProject/Aquilia/.venv/bin/python -c 'from benchmarks.frameworks.quart.main import app'",
      "mean": 0.3516292559000001,
      "stddev": 0.01603478625222356,
      "median": 0.35481699730000005,
      "user": 0.31489374000000003,
      "system": 0.03393356,
      "min": 0.33074214330000007,
      "max": 0.37886364330000005,
      "times": [
        0.33612155930000004,
        0.33712818530000005,
        0.37886364330000005,
        0.35864518530000006,
        0.33550797730000004,
        0.33074214330000007,
        0.35098880930000004,
        0.3612509353000001,
        0.36313935230000005,
        0.36390476830000007
      ],
      "memory_usage_byte": [
        99713024,
        99713024,
        99713024,
        99713024,
        99713024,
        99713024,
        99713024,
        99713024,
        99713024,
        99713024
      ],
      "exit_codes": [
        0,
        0,
        0,
        0,
        0,
        0,
        0,
        0,
        0,
        0
      ]
    },
    {
      "command": "PYTHONPATH=. /Users/kuroyami/TuboxLabProject/Aquilia/.venv/bin/python -c 'from benchmarks.frameworks.flask.main import app'",
      "mean": 0.30531041410000004,
      "stddev": 0.003986145923431321,
      "median": 0.3049400808,
      "user": 0.27446714,
      "system": 0.029281659999999998,
      "min": 0.30051756030000004,
      "max": 0.3120926433,