{
  "results": [
    {
      "command": "PYTHONPATH=. /Users/kuroyami/TuboxLabProject/Aquilia/.venv/bin/python -c 'from benchmarks.frameworks.aquilia.main import app'",
      "mean": 0.2147999902,
      "stddev": 0.0040388592613653015,
      "median": 0.2144456194,
      "user": 0.18904919999999997,
      "system": 0.024035779999999996,
      "min": 0.2092307029,
      "max": 0.22335666090000003,
      "times": [
        0.21326120290000003,
        0.21007653590000003,
        0.21661941090000003,
        0.21337795290000003,
        0.21314045290000003,
        0.21551328590000002,
        0.2092307029,
        0.21771016090000003,
        0.21571353590000003,
        0.22335666090000003
      ],
      "memory_usage_byte": [
        69287936,
        69287936,
        69287936,
        69304320,
        69304320,
        69304320,
        69304320,
        69304320,
        69337088,
        69337088
      ],
      "exit_codes": [
        0,
        0,
        0,
        0,
        0,
        0,
        0,
        0,
        0,
        0
      ]
    },
    {
      "command": "PYTHONPATH=. /Users/kuroyami/TuboxLabProject/Aquilia/.venv/bin/python -c 'from benchmarks.frameworks.fastapi.main import app'",
      "mean": 0.3886815319,
      "stddev": 0.012919919315844004,
      "median": 0.3845356399,
      "user": 0.354502,
      "system": 0.03178728,
      "min": 0.3746473699,
      "max": 0.4119778279,
      "times": [
        0.4115943279,
        0.4119778279,
        0.3849965359,
        0.3782410779,
        0.3910348699,
        0.3845884939,
        0.38167574390000003,
        0.3835762859,
        0.3844827859,
        0.3746473699
      ],
      "memory_usage_byte": [
        91750400,
        91750400,
        91750400,
        91750400,
        91750400,
        91750400,
        91750400,
        91750400,
        91750400,
        91750400
      ],
      "exit_codes": [
        0,
        0,
        0,
        0,
        0,
        0,
        0,
        0,
        0,
        0
      ]
    },
    {
      "command": "PYTHONPATH=. /Users/kuroyami/TuboxLabProject/Aquilia/.venv/bin/python -c 'from benchmarks.frameworks.starlette.main import app'",
      "mean": 0.26322481490000005,
      "stddev": 0.0070166277758247,
      "median": 0.2608378899,
      "user": 0.23297099999999998,
      "system": 0.02813988,
      "min": 0.2554451189,
      "max": 0.2747088689,
      "times": [
        0.2601516189,
        0.2595539519,
        0.2640732859,
        0.2566306609,
        0.2615241609,
        0.2747088689,
        0.2719868269,
        0.2712428279,
        0.2569308279,
        0.2554451189
      ],
      "memory_usage_byte": [
        91750400,
        91750400,
        91750400,
        91750400,
        91750400,
        91750400,
        91750400,
        91750400,
        91750400,
        91750400
      ],
      "exit_codes": [
        0,
        0,
        0,
        0,
        0,
        0,
        0,
        0,
        0,
        0
      ]
    },
    {
      "command": "PYTHONPATH=. /Users/kuroyami/TuboxLabProject/Aquilia/.venv/bin/python -c 'from benchmarks.frameworks.litestar.main import app'",
      "mean": 0.4674188651000001,
      "stddev": 0.006274702781114932,
      "median": 0.4652315154,
      "user": 0.4289326,
      "system": 0.036764279999999996,
      "min": 0.46076716090000003,
      "max": 0.4787947019,
      "times": [
        0.4787947019,
        0.46892220290000003,
        0.46528661990000003,
        0.4636192029,
        0.4651764109,
        0.46076716090000003,
        0.4609164519,
        0.4755652859,
        0.46278866090000004,
        0.47235195290000004
      ],
      "memory_usage_byte": [
        99893248,
        99893248,
        99893248,
        99893248,
        99893248,
        99893248,
        99893248,
        99893248,
        99893248,
        99893248
      ],
      "exit_codes": [
        0,
        0,
        0,
        0,
        0,
        0,
        0,
        0,
        0,
        0
      ]
    },
    {
      "command": "PYTHONPATH=. /Users/kuroyami/TuboxLabProject/Aquilia/.venv/bin/python -c 'from benchmarks.frameworks.falcon.main import app'",
      "mean": 0.31840829849999996,
      "stddev": 0.004913058150260138,
      "median": 0.3172619109,
      "user": 0.2878753,
      "system": 0.02825057999999999,
      "min": 0.3118429529,
      "max": 0.3256366199,
      "times": [
        0.3227544529,
        0.3118429529,
        0.3230864109,
        0.3131979109,
        0.3158407029,
        0.3156979939,
        0.3231332859,
        0.3186831189,
        0.3142095359,
        0.3256366199
      ],
      "memory_usage_byte": [
        99893248,
        99893248,
        99893248,
        99893248,
        99893248,
        99893248,
        99893248,
        99893248,
        99893248,
        99893248
      ],
      "exit_codes": [
        0,
        0,
        0,
        0,
        0,
        0,
        0,
        0,
        0,
        0
      ]
    },
    {
      "command": "PYTHONPATH=. /Users/kuroyami/TuboxLabProject/Aquilia/.venv/bin/python -c 'from benchmarks.frameworks.sanic.main import app'",
      "mean": 0.3202985816,
      "stddev": 0.0036492331470595082,
      "median": 0.3213992444,
      "user": 0.2861909,
      "system": 0.03209458,
      "min": 0.3140740359,
      "max": 0.3247703269,
      "times": [
        0.3158741189,
        0.3213084529,
        0.3223441609,
        0.3168165359,
        0.3140740359,
        0.3219760359,
        0.3247153269,
        0.3196167859,
        0.3214900359,
        0.3247703269
      ],
      "memory_usage_byte": [
        99893248,
        99893248,
        99893248,
        99893248,
        99893248,
        99893248,
        99893248,
        99893248,
        99893248,
        99893248
      ],
      "exit_codes": [
        0,
        0,
        0,
        0,
        0,
        0,
        0,
        0,
        0,
        0
      ]
    },
    {
      "command": "PYTHONPATH=. /Users/kuroyami/TuboxLabProject/Aquilia/.venv/bin/python -c 'from benchmarks.frameworks.quart.main import app'",
      "mean": 0.33794589830000005,
      "stddev": 0.0027158929682174434,
      "median": 0.33683491089999995,
      "user": 0.3037662,
      "system": 0.032206780000000004,
      "min": 0.3336858279,
      "max": 0.3418822439,
      "times": [
        0.3367689939,
        0.3405669109,
        0.3366998279,
        0.3336858279,
        0.3418822439,
        0.3360887439,
        0.3392104939,
        0.3360672019,
        0.3415879109,
        0.3369008279
      ],
      "memory_usage_byte": [
        99893248,
        99893248,
        99893248,
        99893248,
        99893248,
        99893248,
        99893248,
        99893248,
        99893248,
        99893248
      ],
      "exit_codes": [
        0,
        0,
        0,
        0,
        0,
        0,
        0,
        0,
        0,
        0
      ]
    },
    {
      "command": "PYTHONPATH=. /Users/kuroyami/TuboxLabProject/Aquilia/.venv/bin/python -c 'from benchmarks.frameworks.flask.main import app'",
      "mean": 0.3057425942,
      "stddev": 0.00459596203644893,
      "median": 0.3043751604,
      "user": 0.27473529999999996,
      "system": 0.02931717999999999,
      "min": 0.3010662859,
      "max": 0.3139312439,
      "times": [
        0.3014675779,
        0.3059667019,
        0.3071464939,
        0.3010662859,
        0.3021966609,
        0.3094380359,
        0.3139312439,
        0.3027836189,
        0.3020236199,
        0.3114057029
      ],
      "memory_usage_byte": [
        99893248,
        99893248,
        99893248,
        99893248,
        99893248,
        99893248,
        99893248,
        99893248,
        99893248,
        99893248
      ],